,tx_id,rx_id,link_id,distance_km,azimuth_deg,geometry
0,TX_0001,1,TX_0001_RX_0001,1.0,0.0,POINT (-13.406898868930545 9.354041397711129)
1,TX_0001,2,TX_0001_RX_0002,1.0,5.0,POINT (-13.406105602758881 9.354003429451291)
2,TX_0001,3,TX_0001_RX_0003,1.0,10.0,POINT (-13.405318687784602 9.353896938002)
3,TX_0001,4,TX_0001_RX_0004,1.0,15.0,POINT (-13.404544113334975 9.353722733963359)
4,TX_0001,5,TX_0001_RX_0005,1.0,20.0,POINT (-13.40378777477706 9.353482143301617)
5,TX_0001,6,TX_0001_RX_0006,1.0,25.0,POINT (-13.40305542863861 9.353176997252653)
6,TX_0001,7,TX_0001_RX_0007,1.0,30.0,POINT (-13.402352648787232 9.35280961837919)
7,TX_0001,8,TX_0001_RX_0008,1.0,35.0,POINT (-13.401684784001645 9.352382802888094)
8,TX_0001,9,TX_0001_RX_0009,1.0,40.0,POINT (-13.401056917258163 9.351899799342483)
9,TX_0001,10,TX_0001_RX_0010,1.0,45.0,POINT (-13.400473827042477 9.351364283930915)
10,TX_0001,11,TX_0001_RX_0011,1.0,50.0,POINT (-13.399939950981276 9.35078033248205)
11,TX_0001,12,TX_0001_RX_0012,1.0,55.0,POINT (-13.3994593520705 9.350152389438055)
12,TX_0001,13,TX_0001_RX_0013,1.0,60.0,POINT (-13.39903568775727 9.349485234023053)
13,TX_0001,14,TX_0001_RX_0014,1.0,65.0,POINT (-13.398672182110612 9.348783943864275)
14,TX_0001,15,TX_0001_RX_0015,1.0,70.0,POINT (-13.398371601292654 9.34805385634309)
15,TX_0001,16,TX_0001_RX_0016,1.0,75.0,POINT (-13.398136232516668 9.347300527970006)
16,TX_0001,17,TX_0001_RX_0017,1.0,80.0,POINT (-13.397967866651816 9.346529692093162)
17,TX_0001,18,TX_0001_RX_0018,1.0,85.0,POINT (-13.397867784606609 9.34574721526213)
18,TX_0001,19,TX_0001_RX_0019,1.0,90.0,POINT (-13.397836747594349 9.344959052579249)
19,TX_0001,20,TX_0001_RX_0020,1.0,95.0,POINT (-13.397874991354152 9.344171202378279)
20,TX_0001,21,TX_0001_RX_0021,1.0,100.0,POINT (-13.39798222437117 9.343389660575317)
21,TX_0001,22,TX_0001_RX_0022,1.0,105.0,POINT (-13.398157630109054 9.34262037503928)
22,TX_0001,23,TX_0001_RX_0023,1.0,110.0,POINT (-13.398399873237308 9.341869200329205)
23,TX_0001,24,TX_0001_RX_0024,1.0,115.0,POINT (-13.398707109805692 9.34114185314263)
24,TX_0001,25,TX_0001_RX_0025,1.0,120.0,POINT (-13.39907700128792 9.340443868814043)
25,TX_0001,26,TX_0001_RX_0026,1.0,125.0,POINT (-13.399506732387458 9.339780559194228)
26,TX_0001,27,TX_0001_RX_0027,1.0,130.0,POINT (-13.399993032469654 9.339156972230905)
27,TX_0001,28,TX_0001_RX_0028,1.0,135.0,POINT (-13.400532200456908 9.338577853558062)
28,TX_0001,29,TX_0001_RX_0029,1.0,140.0,POINT (-13.40112013299731 9.338047610386084)
29,TX_0001,30,TX_0001_RX_0030,1.0,145.0,POINT (-13.40175235569233 9.337570277967274)
30,TX_0001,31,TX_0001_RX_0031,1.0,150.0,POINT (-13.402424057145954 9.33714948889175)
31,TX_0001,32,TX_0001_RX_0032,1.0,155.0,POINT (-13.40313012557618 9.336788445447255)
32,TX_0001,33,TX_0001_RX_0033,1.0,160.0,POINT (-13.403865187710549 9.336489895252994)
33,TX_0001,34,TX_0001_RX_0034,1.0,165.0,POINT (-13.404623649669796 9.336256110352803)
34,TX_0001,35,TX_0001_RX_0035,1.0,170.0,POINT (-13.40539973952891 9.336088869926671)
35,TX_0001,36,TX_0001_RX_0036,1.0,175.0,POINT (-13.40618755123195 9.335989446752018)
36,TX_0001,37,TX_0001_RX_0037,1.0,180.0,POINT (-13.406981089526854 9.335958597517804)
37,TX_0001,38,TX_0001_RX_0038,1.0,185.0,POINT (-13.407774315578637 9.33599655706509)
38,TX_0001,39,TX_0001_RX_0039,1.0,190.0,POINT (-13.408561192914307 9.33610303659795)
39,TX_0001,40,TX_0001_RX_0040,1.0,195.0,POINT (-13.409335733350233 9.33627722587835)
40,TX_0001,41,TX_0001_RX_0041,1.0,200.0,POINT (-13.410092042552835 9.336517799388467)
41,TX_0001,42,TX_0001_RX_0042,1.0,205.0,POINT (-13.410824364886311 9.33682292641356)
42,TX_0001,43,TX_0001_RX_0043,1.0,210.0,POINT (-13.411527127206359 9.33719028496894)
43,TX_0001,44,TX_0001_RX_0044,1.0,215.0,POINT (-13.412194981266936 9.337617079465096)
44,TX_0001,45,TX_0001_RX_0045,1.0,220.0,POINT (-13.412822844417603 9.338100061976828)
45,TX_0001,46,TX_0001_RX_0046,1.0,225.0,POINT (-13.413405938281834 9.33863555695469)
46,TX_0001,47,TX_0001_RX_0047,1.0,230.0,POINT (-13.413939825122085 9.33921948919088)
47,TX_0001,48,TX_0001_RX_0048,1.0,235.0,POINT (-13.414420441614896 9.339847414827002)
48,TX_0001,49,TX_0001_RX_0049,1.0,240.0,POINT (-13.414844129778928 9.340514555167868)
49,TX_0001,50,TX_0001_RX_0050,1.0,245.0,POINT (-13.415207664820455 9.34121583304425)
50,TX_0001,51,TX_0001_RX_0051,1.0,250.0,POINT (-13.415508279684202 9.341945911447993)
51,TX_0001,52,TX_0001_RX_0052,1.0,255.0,POINT (-13.415743686122438 9.342699234145607)
52,TX_0001,53,TX_0001_RX_0053,1.0,260.0,POINT (-13.415912092121651 9.343470067961404)
53,TX_0001,54,TX_0001_RX_0054,1.0,265.0,POINT (-13.416012215553865 9.344252546408429)
54,TX_0001,55,TX_0001_RX_0055,1.0,270.0,POINT (-13.416043293948256 9.34504071433525)
55,TX_0001,56,TX_0001_RX_0056,1.0,275.0,POINT (-13.416005090308332 9.345828573248768)
56,TX_0001,57,TX_0001_RX_0057,1.0,280.0,POINT (-13.41589789492992 9.346610126968166)
57,TX_0001,58,TX_0001_RX_0058,1.0,285.0,POINT (-13.41572252320574 9.347379427262442)
58,TX_0001,59,TX_0001_RX_0059,1.0,290.0,POINT (-13.415480309432796 9.348130619124145)
59,TX_0001,60,TX_0001_RX_0060,1.0,295.0,POINT (-13.415173096669387 9.348857985334588)
60,TX_0001,61,TX_0001_RX_0061,1.0,300.0,POINT (-13.414803222718492 9.349555989981257)
61,TX_0001,62,TX_0001_RX_0062,1.0,305.0,POINT (-13.414373502343965 9.35021932059601)
62,TX_0001,63,TX_0001_RX_0063,1.0,310.0,POINT (-13.413887205854584 9.350842928593211)
63,TX_0001,64,TX_0001_RX_0064,1.0,315.0,POINT (-13.413348034218785 9.351422067699762)
64,TX_0001,65,TX_0001_RX_0065,1.0,320.0,POINT (-13.412760090899337 9.351952330084412)
65,TX_0001,66,TX_0001_RX_0066,1.0,325.0,POINT (-13.41212785062228 9.352429679911099)
66,TX_0001,67,TX_0001_RX_0067,1.0,330.0,POINT (-13.411456125317862 9.352850484060767)
67,TX_0001,68,TX_0001_RX_0068,1.0,335.0,POINT (-13.410750027492762 9.353211539787651)
68,TX_0001,69,TX_0001_RX_0069,1.0,340.0,POINT (-13.410014931312602 9.35351009909936)
69,TX_0001,70,TX_0001_RX_0070,1.0,345.0,POINT (-13.409256431691105 9.353743889675012)
70,TX_0001,71,TX_0001_RX_0071,1.0,350.0,POINT (-13.40848030169763 9.353911132162196)
71,TX_0001,72,TX_0001_RX_0072,1.0,355.0,POINT (-13.407692448607582 9.354010553720853)
72,TX_0001,73,TX_0001_RX_0073,2.0,0.0,POINT (-13.406857696313264 9.363082790646727)
73,TX_0001,74,TX_0001_RX_0074,2.0,5.0,POINT (-13.405271123788856 9.363006845408833)
74,TX_0001,75,TX_0001_RX_0075,2.0,10.0,POINT (-13.403697256145017 9.362793850578276)
75,TX_0001,76,TX_0001_RX_0076,2.0,15.0,POINT (-13.402148073183772 9.362445427718523)
76,TX_0001,77,TX_0001_RX_0077,2.0,20.0,POINT (-13.400635366676026 9.36196422921237)
77,TX_0001,78,TX_0001_RX_0078,2.0,25.0,POINT (-13.399170650571726 9.361353918055112)
78,TX_0001,79,TX_0001_RX_0079,2.0,30.0,POINT (-13.397765073330914 9.360619139953014)
79,TX_0001,80,TX_0001_RX_0080,2.0,35.0,POINT (-13.396429333044166 9.359765487940132)
80,TX_0001,81,TX_0001_RX_0081,2.0,40.0,POINT (-13.395173595989338 9.358799459783567)
81,TX_0001,82,TX_0001_RX_0082,2.0,45.0,POINT (-13.394007419245288 9.357728408502247)
82,TX_0001,83,TX_0001_RX_0083,2.0,50.0,POINT (-13.392939677951878 9.356560486376667)
83,TX_0001,84,TX_0001_RX_0084,2.0,55.0,POINT (-13.39197849777008 9.355304582876668)
84,TX_0001,85,TX_0001_RX_0085,2.0,60.0,POINT (-13.391131193055969 9.353970256980418)
85,TX_0001,86,TX_0001_RX_0086,2.0,65.0,POINT (-13.39040421121872 9.352567664400695)
86,TX_0001,87,TX_0001_RX_0087,2.0,70.0,POINT (-13.389803083685264 9.35110748027284)
87,TX_0001,88,TX_0001_RX_0088,2.0,75.0,POINT (-13.38933238384382 9.349600817893595)
88,TX_0001,89,TX_0001_RX_0089,2.0,80.0,POINT (-13.388995692285068 9.348059144129682)
89,TX_0001,90,TX_0001_RX_0090,2.0,85.0,POINT (-13.388795569604088 9.346494192140318)
90,TX_0001,91,TX_0001_RX_0091,2.0,90.0,POINT (-13.388733536968418 9.344917872078124)
91,TX_0001,92,TX_0001_RX_0092,2.0,95.0,POINT (-13.38881006459847 9.343342180448158)
92,TX_0001,93,TX_0001_RX_0093,2.0,100.0,POINT (-13.38902456824616 9.34177910881475)
93,TX_0001,94,TX_0001_RX_0094,2.0,105.0,POINT (-13.389375413696866 9.34024055255077)
94,TX_0001,95,TX_0001_RX_0095,2.0,110.0,POINT (-13.389859929258746 9.338738220323364)
95,TX_0001,96,TX_0001_RX_0096,2.0,115.0,POINT (-13.390474426142772 9.33728354500455)
96,TX_0001,97,TX_0001_RX_0097,2.0,120.0,POINT (-13.391214226577013 9.335887596684044)
97,TX_0001,98,TX_0001_RX_0098,2.0,125.0,POINT (-13.39207369943991 9.334560998445601)
98,TX_0001,99,TX_0001_RX_0099,2.0,130.0,POINT (-13.393046303140457 9.333313845547101)
99,TX_0001,100,TX_0001_RX_0100,2.0,135.0,POINT (-13.394124635418143 9.332155628618532)
100,TX_0001,101,TX_0001_RX_0101,2.0,140.0,POINT (-13.3953004896833 9.331095161461604)
101,TX_0001,102,TX_0001_RX_0102,2.0,145.0,POINT (-13.396564917468886 9.330140513999504)
102,TX_0001,103,TX_0001_RX_0103,2.0,150.0,POINT (-13.397908296518603 9.32929895088631)
103,TX_0001,104,TX_0001_RX_0104,2.0,155.0,POINT (-13.399320403993622 9.328576876242451)
104,TX_0001,105,TX_0001_RX_0105,2.0,160.0,POINT (-13.400790494241512 9.327979784936092)
105,TX_0001,106,TX_0001_RX_0106,2.0,165.0,POINT (-13.402307380536522 9.327512220780637)
106,TX_0001,107,TX_0001_RX_0107,2.0,170.0,POINT (-13.403859520170325 9.327177741965942)
107,TX_0001,108,TX_0001_RX_0108,2.0,175.0,POINT (-13.405435102247104 9.326978893986025)
108,TX_0001,109,TX_0001_RX_0109,2.0,180.0,POINT (-13.40702213751632 9.326917190269011)
109,TX_0001,110,TX_0001_RX_0110,2.0,185.0,POINT (-13.408608549561194 9.326993100656704)
110,TX_0001,111,TX_0001_RX_0111,2.0,190.0,POINT (-13.410182266650592 9.327206047821528)
111,TX_0001,112,TX_0001_RX_0112,2.0,195.0,POINT (-13.411731313557015 9.327554411648316)
112,TX_0001,113,TX_0001_RX_0113,2.0,200.0,POINT (-13.413243902643513 9.328035541547962)
113,TX_0001,114,TX_0001_RX_0114,2.0,205.0,POINT (-13.414708523527924 9.328645776609742)
114,TX_0001,115,TX_0001_RX_0115,2.0,210.0,POINT (-13.416114030643413 9.329380473439505)
115,TX_0001,116,TX_0001_RX_0116,2.0,215.0,POINT (-13.417449728030133 9.330234041472632)
116,TX_0001,117,TX_0001_RX_0117,2.0,220.0,POINT (-13.418705450713713 9.331199985493695)
117,TX_0001,118,TX_0001_RX_0118,2.0,225.0,POINT (-13.419871642051962 9.33227095504018)
118,TX_0001,119,TX_0001_RX_0119,2.0,230.0,POINT (-13.420939426461578 9.33343880031506)
119,TX_0001,120,TX_0001_RX_0120,2.0,235.0,POINT (-13.421900676971525 9.334694634183577)
120,TX_0001,121,TX_0001_RX_0121,2.0,240.0,POINT (-13.42274807708884 9.336028899783264)
121,TX_0001,122,TX_0001_RX_0122,2.0,245.0,POINT (-13.42347517650557 9.337431443233436)
122,TX_0001,123,TX_0001_RX_0123,2.0,250.0,POINT (-13.424076440222192 9.338891590891523)
123,TX_0001,124,TX_0001_RX_0124,2.0,255.0,POINT (-13.424547290712628 9.340398230568892)
124,TX_0001,125,TX_0001_RX_0125,2.0,260.0,POINT (-13.424884142808809 9.341939896088617)
125,TX_0001,126,TX_0001_RX_0126,2.0,265.0,POINT (-13.425084431037806 9.34350485454197)
126,TX_0001,127,TX_0001_RX_0127,2.0,270.0,POINT (-13.425146629201986 9.345081195579922)
127,TX_0001,128,TX_0001_RX_0128,2.0,275.0,POINT (-13.425070262051442 9.346656922060081)
128,TX_0001,129,TX_0001_RX_0129,2.0,280.0,POINT (-13.424855908958172 9.348220041359212)
129,TX_0001,130,TX_0001_RX_0130,2.0,285.0,POINT (-13.424505199562274 9.349758656656144)
130,TX_0001,131,TX_0001_RX_0131,2.0,290.0,POINT (-13.42402080142164 9.351261057490053)
131,TX_0001,132,TX_0001_RX_0132,2.0,295.0,POINT (-13.423406399757505 9.352715808904334)
132,TX_0001,133,TX_0001_RX_0133,2.0,300.0,POINT (-13.422666669448603 9.354111838497161)
133,TX_0001,134,TX_0001_RX_0134,2.0,305.0,POINT (-13.421807239485755 9.355438520715351)
134,TX_0001,135,TX_0001_RX_0135,2.0,310.0,POINT (-13.420834650156483 9.356685757749354)
135,TX_0001,136,TX_0001_RX_0136,2.0,315.0,POINT (-13.419756303284627 9.357844056412759)
136,TX_0001,137,TX_0001_RX_0137,2.0,320.0,POINT (-13.41858040590329 9.358904600420392)
137,TX_0001,138,TX_0001_RX_0138,2.0,325.0,POINT (-13.417315907789575 9.359859317513983)
138,TX_0001,139,TX_0001_RX_0139,2.0,330.0,POINT (-13.41597243333667 9.360700940923744)
139,TX_0001,140,TX_0001_RX_0140,2.0,335.0,POINT (-13.414560208282174 9.361423064697172)
140,TX_0001,141,TX_0001_RX_0141,2.0,340.0,POINT (-13.413089981851112 9.362020192473311)
141,TX_0001,142,TX_0001_RX_0142,2.0,345.0,POINT (-13.411572944907096 9.36248777933065)
142,TX_0001,143,TX_0001_RX_0143,2.0,350.0,POINT (-13.410020644735841 9.362822266389541)
143,TX_0001,144,TX_0001_RX_0144,2.0,355.0,POINT (-13.40844489711102 9.363021107905473)
144,TX_0001,145,TX_0001_RX_0145,3.0,0.0,POINT (-13.406816482142924 9.372124178802327)
145,TX_0001,146,TX_0001_RX_0146,3.0,5.0,POINT (-13.40443656302348 9.372010247862491)
146,TX_0001,147,TX_0001_RX_0147,3.0,10.0,POINT (-13.402075704958122 9.37169073770314)
147,TX_0001,148,TX_0001_RX_0148,3.0,15.0,POINT (-13.399751879374987 9.371168081215583)
148,TX_0001,149,TX_0001_RX_0149,3.0,20.0,POINT (-13.397482775488893 9.370446257651293)
149,TX_0001,150,TX_0001_RX_0150,3.0,25.0,POINT (-13.395285665568911 9.369530762290953)
150,TX_0001,151,TX_0001_RX_0151,3.0,30.0,POINT (-13.39317727339389 9.36842856456796)
151,TX_0001,152,TX_0001_RX_0152,3.0,35.0,POINT (-13.391173646899846 9.367148054966847)
152,TX_0001,153,TX_0001_RX_0153,3.0,40.0,POINT (-13.38929003599078 9.365698981102506)
153,TX_0001,154,TX_0001_RX_0154,3.0,45.0,POINT (-13.387540776444459 9.364092373468784)
154,TX_0001,155,TX_0001_RX_0155,3.0,50.0,POINT (-13.38593918079779 9.362340461423488)
155,TX_0001,156,TX_0001_RX_0156,3.0,55.0,POINT (-13.384497437042441 9.360456580051324)
156,TX_0001,157,TX_0001_RX_0157,3.0,60.0,POINT (-13.383226515901363 9.35845506861552)
157,TX_0001,158,TX_0001_RX_0158,3.0,65.0,POINT (-13.382136087390784 9.356351161372881)
158,TX_0001,159,TX_0001_RX_0159,3.0,70.0,POINT (-13.381234447300955 9.354160871584838)
159,TX_0001,160,TX_0001_RX_0160,3.0,75.0,POINT (-13.380528454152852 9.351900869608759)
160,TX_0001,161,TX_0001_RX_0161,3.0,80.0,POINT (-13.380023477107752 9.34958835599838)
161,TX_0001,162,TX_0001_RX_0162,3.0,85.0,POINT (-13.37972335522284 9.347240930580073)
162,TX_0001,163,TX_0001_RX_0163,3.0,90.0,POINT (-13.379630368359331 9.34487645850177)
163,TX_0001,164,TX_0001_RX_0164,3.0,95.0,POINT (-13.379745219960627 9.342512934274193)
164,TX_0001,165,TX_0001_RX_0165,3.0,100.0,POINT (-13.380067031827682 9.340168344838956)
165,TX_0001,166,TX_0001_RX_0166,3.0,105.0,POINT (-13.380593350927372 9.337860532704973)
166,TX_0001,167,TX_0001_RX_0167,3.0,110.0,POINT (-13.381320168178304 9.335607060194093)
167,TX_0001,168,TX_0001_RX_0168,3.0,115.0,POINT (-13.382241949067529 9.333425075827828)
168,TX_0001,169,TX_0001_RX_0169,3.0,120.0,POINT (-13.383351675862025 9.331331183870644)
169,TX_0001,170,TX_0001_RX_0170,3.0,125.0,POINT (-13.38464090109092 9.329341318021019)
170,TX_0001,171,TX_0001_RX_0171,3.0,130.0,POINT (-13.386099811889316 9.327470620209757)
171,TX_0001,172,TX_0001_RX_0172,3.0,135.0,POINT (-13.38771730471235 9.32573332542598)
172,TX_0001,173,TX_0001_RX_0173,3.0,140.0,POINT (-13.389481069850032 9.324142653445463)
173,TX_0001,174,TX_0001_RX_0174,3.0,145.0,POINT (-13.391377685099304 9.322710708283257)
174,TX_0001,175,TX_0001_RX_0175,3.0,150.0,POINT (-13.393392717880873 9.321448386133975)
175,TX_0001,176,TX_0001_RX_0176,3.0,155.0,POINT (-13.395510835024677 9.320365292498623)
176,TX_0001,177,TX_0001_RX_0177,3.0,160.0,POINT (-13.397715919390192 9.319469669127054)
177,TX_0001,178,TX_0001_RX_0178,3.0,165.0,POINT (-13.399991192436229 9.31876833133069)
178,TX_0001,179,TX_0001_RX_0179,3.0,170.0,POINT (-13.402319341810227 9.318266616141534)
179,TX_0001,180,TX_0001_RX_0180,3.0,175.0,POINT (-13.40468265298914 9.317968341711131)
180,TX_0001,181,TX_0001_RX_0181,3.0,180.0,POINT (-13.407063143973618 9.317875778258088)
181,TX_0001,182,TX_0001_RX_0182,3.0,185.0,POINT (-13.40944270201407 9.317989630784975)
182,TX_0001,183,TX_0001_RX_0183,3.0,190.0,POINT (-13.411803221331912 9.31830903369642)
183,TX_0001,184,TX_0001_RX_0184,3.0,195.0,POINT (-13.414126740791676 9.318831557359799)
184,TX_0001,185,TX_0001_RX_0185,3.0,200.0,POINT (-13.416395580479954 9.319553226559432)
185,TX_0001,186,TX_0001_RX_0186,3.0,205.0,POINT (-13.418592476155194 9.320468550704932)
186,TX_0001,187,TX_0001_RX_0187,3.0,210.0,POINT (-13.420700710548262 9.321570565565176)
187,TX_0001,188,TX_0001_RX_0188,3.0,215.0,POINT (-13.422704240517264 9.322850886211837)
188,TX_0001,189,TX_0001_RX_0189,3.0,220.0,POINT (-13.424587819091064 9.324299770771297)
189,TX_0001,190,TX_0001_RX_0190,3.0,225.0,POINT (-13.426337111474371 9.325906194501654)
190,TX_0001,191,TX_0001_RX_0191,3.0,230.0,POINT (-13.427938804132541 9.327657933632901)
191,TX_0001,192,TX_0001_RX_0192,3.0,235.0,POINT (-13.429380706126253 9.32954165833424)
192,TX_0001,193,TX_0001_RX_0193,3.0,240.0,POINT (-13.43065184192456 9.331543034102808)
193,TX_0001,194,TX_0001_RX_0194,3.0,245.0,POINT (-13.43174253498898 9.33364683080398)
194,TX_0001,195,TX_0001_RX_0195,3.0,250.0,POINT (-13.432644481490922 9.335837038535061)
195,TX_0001,196,TX_0001_RX_0196,3.0,255.0,POINT (-13.43335081359924 9.338096989431948)
196,TX_0001,197,TX_0001_RX_0197,3.0,260.0,POINT (-13.433856151853524 9.340409484492907)
197,TX_0001,198,TX_0001_RX_0198,3.0,265.0,POINT (-13.434156646221435 9.342756924455188)
198,TX_0001,199,TX_0001_RX_0199,3.0,270.0,POINT (-13.434250005524056 9.345121443728948)
199,TX_0001,200,TX_0001_RX_0200,3.0,275.0,POINT (-13.434135515001618 9.347485046369444)
200,TX_0001,201,TX_0001_RX_0201,3.0,280.0,POINT (-13.433814041881973 9.349829743052547)
201,TX_0001,202,TX_0001_RX_0202,3.0,285.0,POINT (-13.433288028905583 9.352137688010654)
202,TX_0001,203,TX_0001_RX_0203,3.0,290.0,POINT (-13.432561475852445 9.354391314886131)
203,TX_0001,204,TX_0001_RX_0204,3.0,295.0,POINT (-13.431639909207986 9.356573470467177)
204,TX_0001,205,TX_0001_RX_0205,3.0,300.0,POINT (-13.430530340195517 9.35866754528706)
205,TX_0001,206,TX_0001_RX_0206,3.0,305.0,POINT (-13.42924121149177 9.360657600091107)
206,TX_0001,207,TX_0001_RX_0207,3.0,310.0,POINT (-13.427782333028778 9.36252848720724)
207,TX_0001,208,TX_0001_RX_0208,3.0,315.0,POINT (-13.4261648073689 9.36426596589439)
208,TX_0001,209,TX_0001_RX_0209,3.0,320.0,POINT (-13.424400945219851 9.365856810788975)
209,TX_0001,210,TX_0001_RX_0210,3.0,325.0,POINT (-13.42250417173232 9.367288912622051)
210,TX_0001,211,TX_0001_RX_0211,3.0,330.0,POINT (-13.420488924293595 9.368551370438624)
211,TX_0001,212,TX_0001_RX_0212,3.0,335.0,POINT (-13.418370542595973 9.369634574615503)
212,TX_0001,213,TX_0001_RX_0213,3.0,340.0,POINT (-13.416165151818317 9.370530280044095)
213,TX_0001,214,TX_0001_RX_0214,3.0,345.0,POINT (-13.413889539811992 9.371231668919696)
214,TX_0001,215,TX_0001_RX_0215,3.0,350.0,POINT (-13.4115610292287 9.371733402658306)
215,TX_0001,216,TX_0001_RX_0216,3.0,355.0,POINT (-13.409197345566657 9.37203166254475)
216,TX_0001,217,TX_0001_RX_0217,4.0,0.0,POINT (-13.406775226414291 9.381165562173466)
217,TX_0001,218,TX_0001_RX_0218,4.0,5.0,POINT (-13.403601920396303 9.38101363680212)
218,TX_0001,219,TX_0001_RX_0219,4.0,10.0,POINT (-13.400454034100775 9.380587599350912)
219,TX_0001,220,TX_0001_RX_0220,4.0,15.0,POINT (-13.397355531737182 9.379890694404615)
220,TX_0001,221,TX_0001_RX_0221,4.0,20.0,POINT (-13.394330001007614 9.378928228537413)
221,TX_0001,222,TX_0001_RX_0222,4.0,25.0,POINT (-13.391400473399703 9.37770752984374)
222,TX_0001,223,TX_0001_RX_0223,4.0,30.0,POINT (-13.388589248738976 9.376237892070504)
223,TX_0001,224,TX_0001_RX_0224,4.0,35.0,POINT (-13.38591772534096 9.374530503778963)
224,TX_0001,225,TX_0001_RX_0225,4.0,40.0,POINT (-13.383406237059724 9.372598363078565)
225,TX_0001,226,TX_0001_RX_0226,4.0,45.0,POINT (-13.381073898476025 9.370456178585318)
226,TX_0001,227,TX_0001_RX_0227,4.0,50.0,POINT (-13.37893845940501 9.368120257362136)
227,TX_0001,228,TX_0001_RX_0228,4.0,55.0,POINT (-13.377016169831316 9.365608380697527)
228,TX_0001,229,TX_0001_RX_0229,4.0,60.0,POINT (-13.375321656298745 9.36293966867177)
229,TX_0001,230,TX_0001_RX_0230,4.0,65.0,POINT (-13.373867810693296 9.360134434544474)
230,TX_0001,231,TX_0001_RX_0231,4.0,70.0,POINT (-13.372665692262883 9.357214030074699)
231,TX_0001,232,TX_0001_RX_0232,4.0,75.0,POINT (-13.37172444361519 9.354200682953506)
232,TX_0001,233,TX_0001_RX_0233,4.0,80.0,POINT (-13.371051221327868 9.351117327588097)
233,TX_0001,234,TX_0001_RX_0234,4.0,85.0,POINT (-13.370651141693275 9.347987430526953)
234,TX_0001,235,TX_0001_RX_0235,4.0,90.0,POINT (-13.370527242004192 9.344834811855357)
235,TX_0001,236,TX_0001_RX_0236,4.0,95.0,POINT (-13.370680457668275 9.341683463920987)
236,TX_0001,237,TX_0001_RX_0237,4.0,100.0,POINT (-13.371109615318423 9.338557368768605)
237,TX_0001,238,TX_0001_RX_0238,4.0,105.0,POINT (-13.371811441964482 9.335480315672395)
238,TX_0001,239,TX_0001_RX_0239,4.0,110.0,POINT (-13.372780590109949 9.332475720153017)
239,TX_0001,240,TX_0001_RX_0240,4.0,115.0,POINT (-13.374009678636222 9.329566445854544)
240,TX_0001,241,TX_0001_RX_0241,4.0,120.0,POINT (-13.375489349137675 9.326774630634496)
241,TX_0001,242,TX_0001_RX_0242,4.0,125.0,POINT (-13.377208337274036 9.32412151818737)
242,TX_0001,243,TX_0001_RX_0243,4.0,130.0,POINT (-13.379153558593135 9.321627296480015)
243,TX_0001,244,TX_0001_RX_0244,4.0,135.0,POINT (-13.381310208168179 9.319310944224958)
244,TX_0001,245,TX_0001_RX_0245,4.0,140.0,POINT (-13.383661873289574 9.317190086556568)
245,TX_0001,246,TX_0001_RX_0246,4.0,145.0,POINT (-13.386190658353248 9.315280861005085)
246,TX_0001,247,TX_0001_RX_0247,4.0,150.0,POINT (-13.388877320995707 9.313597794785007)
247,TX_0001,248,TX_0001_RX_0248,4.0,155.0,POINT (-13.39170141844173 9.312153694328785)
248,TX_0001,249,TX_0001_RX_0249,4.0,160.0,POINT (-13.394641462953912 9.310959547903618)
249,TX_0001,250,TX_0001_RX_0250,4.0,165.0,POINT (-13.397675085204998 9.31002444205017)
250,TX_0001,251,TX_0001_RX_0251,4.0,170.0,POINT (-13.400779204334611 9.30935549247717)
251,TX_0001,252,TX_0001_RX_0252,4.0,175.0,POINT (-13.40393020340174 9.308957789936446)
252,TX_0001,253,TX_0001_RX_0253,4.0,180.0,POINT (-13.407104108903953 9.3088343614895)
253,TX_0001,254,TX_0001_RX_0254,4.0,185.0,POINT (-13.410276773003641 9.308986147460033)
254,TX_0001,255,TX_0001_RX_0255,4.0,190.0,POINT (-13.413424057081285 9.309411994248284)
255,TX_0001,256,TX_0001_RX_0256,4.0,195.0,POINT (-13.416522015225505 9.310108663062683)
256,TX_0001,257,TX_0001_RX_0257,4.0,200.0,POINT (-13.419547076270053 9.311070854503798)
257,TX_0001,258,TX_0001_RX_0258,4.0,205.0,POINT (-13.42247622299844 9.31229124881552)
258,TX_0001,259,TX_0001_RX_0259,4.0,210.0,POINT (-13.425287167157968 9.313760561499418)
259,TX_0001,260,TX_0001_RX_0260,4.0,215.0,POINT (-13.427958518955988 9.315467613871927)
260,TX_0001,261,TX_0001_RX_0261,4.0,220.0,POINT (-13.430469949752393 9.317399418030336)
261,TX_0001,262,TX_0001_RX_0262,4.0,225.0,POINT (-13.432802346713054 9.319541275584283)
262,TX_0001,263,TX_0001_RX_0263,4.0,230.0,POINT (-13.434937958249051 9.321876889404761)
263,TX_0001,264,TX_0001_RX_0264,4.0,235.0,POINT (-13.436860529135465 9.324388487543517)
264,TX_0001,265,TX_0001_RX_0265,4.0,240.0,POINT (-13.438555424280938 9.32705695838313)
265,TX_0001,266,TX_0001_RX_0266,4.0,245.0,POINT (-13.440009740204339 9.329861995992317)
266,TX_0001,267,TX_0001_RX_0267,4.0,250.0,POINT (-13.441212403367384 9.332782254583103)
267,TX_0001,268,TX_0001_RX_0268,4.0,255.0,POINT (-13.442154254610967 9.335795510896878)
268,TX_0001,269,TX_0001_RX_0269,4.0,260.0,POINT (-13.442828119047872 9.338878833285571)
269,TX_0001,270,TX_0001_RX_0270,4.0,265.0,POINT (-13.443228860874369 9.342008756202684)
270,TX_0001,271,TX_0001_RX_0271,4.0,270.0,POINT (-13.44335342267733 9.345161458777302)
271,TX_0001,272,TX_0001_RX_0272,4.0,275.0,POINT (-13.443200848931124 9.348312946112406)
272,TX_0001,273,TX_0001_RX_0273,4.0,280.0,POINT (-13.442772293498523 9.351439231927607)
273,TX_0001,274,TX_0001_RX_0274,4.0,285.0,POINT (-13.442071011071617 9.354516521155539)
274,TX_0001,275,TX_0001_RX_0275,4.0,290.0,POINT (-13.441102332611097 9.357521391100812)
275,TX_0001,276,TX_0001_RX_0276,4.0,295.0,POINT (-13.439873624964433 9.360430969781062)
276,TX_0001,277,TX_0001_RX_0277,4.0,300.0,POINT (-13.438394234964404 9.363223110090294)
277,TX_0001,278,TX_0001_RX_0278,4.0,305.0,POINT (-13.436675418428386 9.365876558456346)
278,TX_0001,279,TX_0001_RX_0279,4.0,310.0,POINT (-13.434730254594541 9.368371116705651)
279,TX_0001,280,TX_0001_RX_0280,4.0,315.0,POINT (-13.432573546642985 9.370687795900027)
280,TX_0001,281,TX_0001_RX_0281,4.0,320.0,POINT (-13.430221709057024 9.372808960971204)
281,TX_0001,282,TX_0001_RX_0282,4.0,325.0,POINT (-13.427692642680972 9.374718465048684)
282,TX_0001,283,TX_0001_RX_0283,4.0,330.0,POINT (-13.425005598425834 9.376401772455072)
283,TX_0001,284,TX_0001_RX_0284,4.0,335.0,POINT (-13.422181030661926 9.377846069429594)
284,TX_0001,285,TX_0001_RX_0285,4.0,340.0,POINT (-13.419240441417033 9.379040361733932)
285,TX_0001,286,TX_0001_RX_0286,4.0,345.0,POINT (-13.416206216569828 9.37997555839495)
286,TX_0001,287,TX_0001_RX_0287,4.0,350.0,POINT (-13.413101455290287 9.380644540944768)
287,TX_0001,288,TX_0001_RX_0288,4.0,355.0,POINT (-13.409949794030828 9.381042217629565)
288,TX_0001,289,TX_0001_RX_0289,5.0,0.0,POINT (-13.40673392912212 9.39020694075568)
289,TX_0001,290,TX_0001_RX_0290,5.0,5.0,POINT (-13.402767195840855 9.390017012217589)
290,TX_0001,291,TX_0001_RX_0291,5.0,10.0,POINT (-13.398832243449812 9.389484435495888)
291,TX_0001,292,TX_0001_RX_0292,5.0,15.0,POINT (-13.39495903009889 9.388613267235694)
292,TX_0001,293,TX_0001_RX_0293,5.0,20.0,POINT (-13.391177043024113 9.387410141789763)
293,TX_0001,294,TX_0001_RX_0294,5.0,25.0,POINT (-13.387515073833596 9.385884220597033)
294,TX_0001,295,TX_0001_RX_0295,5.0,30.0,POINT (-13.384000999128965 9.384047122307113)
295,TX_0001,296,TX_0001_RX_0296,5.0,35.0,POINT (-13.380661568139757 9.381912834187192)
296,TX_0001,297,TX_0001_RX_0297,5.0,40.0,POINT (-13.377522198993415 9.379497605490984)
297,TX_0001,298,TX_0001_RX_0298,5.0,45.0,POINT (-13.374606785176027 9.376819823606642)
298,TX_0001,299,TX_0001_RX_0299,5.0,50.0,POINT (-13.371937513659555 9.373899873932238)
299,TX_0001,300,TX_0001_RX_0300,5.0,55.0,POINT (-13.369534696080462 9.370759984550771)
300,TX_0001,301,TX_0001_RX_0301,5.0,60.0,POINT (-13.367416614253438 9.367424056892599)
301,TX_0001,302,TX_0001_RX_0302,5.0,65.0,POINT (-13.365599381192784 9.363917483679131)
302,TX_0001,303,TX_0001_RX_0303,5.0,70.0,POINT (-13.364096818694234 9.360266955538057)
303,TX_0001,304,TX_0001_RX_0304,5.0,75.0,POINT (-13.362920352402275 9.356500257765884)
304,TX_0001,305,TX_0001_RX_0305,5.0,80.0,POINT (-13.362078925153433 9.352646058787716)
305,TX_0001,306,TX_0001_RX_0306,5.0,85.0,POINT (-13.361578929245807 9.348733691926528)
306,TX_0001,307,TX_0001_RX_0307,5.0,90.0,POINT (-13.36142415814011 9.344792932144097)
307,TX_0001,308,TX_0001_RX_0308,5.0,95.0,POINT (-13.361615777949055 9.340853769453151)
308,TX_0001,309,TX_0001_RX_0309,5.0,100.0,POINT (-13.362152318921044 9.336946180724393)
309,TX_0001,310,TX_0001_RX_0310,5.0,105.0,POINT (-13.363029686972077 9.333099901623582)
310,TX_0001,311,TX_0001_RX_0311,5.0,110.0,POINT (-13.364241195167617 9.32934420041176)
311,TX_0001,312,TX_0001_RX_0312,5.0,115.0,POINT (-13.365777614905076 9.325707655326774)
312,TX_0001,313,TX_0001_RX_0313,5.0,120.0,POINT (-13.367627246398666 9.322217937236248)
313,TX_0001,314,TX_0001_RX_0314,5.0,125.0,POINT (-13.369776007922788 9.31890159921154)
314,TX_0001,315,TX_0001_RX_0315,5.0,130.0,POINT (-13.372207543128813 9.315783874619036)
315,TX_0001,316,TX_0001_RX_0316,5.0,135.0,POINT (-13.374903345614282 9.312888485260007)
316,TX_0001,317,TX_0001_RX_0317,5.0,140.0,POINT (-13.377842899794018 9.310237461013806)
317,TX_0001,318,TX_0001_RX_0318,5.0,145.0,POINT (-13.381003837000403 9.30785097235153)
318,TX_0001,319,TX_0001_RX_0319,5.0,150.0,POINT (-13.38436210562608 9.305747176989678)
319,TX_0001,320,TX_0001_RX_0320,5.0,155.0,POINT (-13.387892154017191 9.303942081845953)
320,TX_0001,321,TX_0001_RX_0321,5.0,160.0,POINT (-13.391567124730026 9.30244942134353)
321,TX_0001,322,TX_0001_RX_0322,5.0,165.0,POINT (-13.39535905867893 9.301280552986265)
322,TX_0001,323,TX_0001_RX_0323,5.0,170.0,POINT (-13.39923910762949 9.300444370996567)
323,TX_0001,324,TX_0001_RX_0324,5.0,175.0,POINT (-13.403177753428597 9.29994723867109)
324,TX_0001,325,TX_0001_RX_0325,5.0,180.0,POINT (-13.407145032312528 9.299792939967716)
325,TX_0001,326,TX_0001_RX_0326,5.0,185.0,POINT (-13.411110762596271 9.299982650692014)
326,TX_0001,327,TX_0001_RX_0327,5.0,190.0,POINT (-13.415044774021718 9.300514929502802)
327,TX_0001,328,TX_0001_RX_0328,5.0,195.0,POINT (-13.41891713702977 9.30138572880686)
328,TX_0001,329,TX_0001_RX_0329,5.0,200.0,POINT (-13.42269839022167 9.302588425461995)
329,TX_0001,330,TX_0001_RX_0330,5.0,205.0,POINT (-13.42635976428797 9.304113871057874)
330,TX_0001,331,TX_0001_RX_0331,5.0,210.0,POINT (-13.429873400709578 9.305950461395685)
331,TX_0001,332,TX_0001_RX_0332,5.0,215.0,POINT (-13.433212563573944 9.30808422464212)
332,TX_0001,333,TX_0001_RX_0333,5.0,220.0,POINT (-13.436351842900425 9.3104989274915)
333,TX_0001,334,TX_0001_RX_0334,5.0,225.0,POINT (-13.439267347932015 9.313176198533247)
334,TX_0001,335,TX_0001_RX_0335,5.0,230.0,POINT (-13.441936888925206 9.316095667891002)
335,TX_0001,336,TX_0001_RX_0336,5.0,235.0,POINT (-13.444340146055575 9.319235122075922)
336,TX_0001,337,TX_0001_RX_0337,5.0,240.0,POINT (-13.44645882415285 9.322570672880865)
337,TX_0001,338,TX_0001_RX_0338,5.0,245.0,POINT (-13.44827679208534 9.326076939034897)
338,TX_0001,339,TX_0001_RX_0339,5.0,250.0,POINT (-13.44978020572859 9.329727239240157)
339,TX_0001,340,TX_0001_RX_0340,5.0,255.0,POINT (-13.450957613576522 9.333493795125824)
340,TX_0001,341,TX_0001_RX_0341,5.0,260.0,POINT (-13.451800044183937 9.337347942577933)
341,TX_0001,342,TX_0001_RX_0342,5.0,265.0,POINT (-13.452301074766227 9.341260349839093)
342,TX_0001,343,TX_0001_RX_0343,5.0,270.0,POINT (-13.452456880424663 9.345201240719978)
343,TX_0001,344,TX_0001_RX_0344,5.0,275.0,POINT (-13.452266263612215 9.349140621224521)
344,TX_0001,345,TX_0001_RX_0345,5.0,280.0,POINT (-13.451730663604994 9.353048507863855)
345,TX_0001,346,TX_0001_RX_0346,5.0,285.0,POINT (-13.450854145896292 9.356895155920379)
346,TX_0001,347,TX_0001_RX_0347,5.0,290.0,POINT (-13.44964337158345 9.360651285922536)
347,TX_0001,348,TX_0001_RX_0348,5.0,295.0,POINT (-13.448107546970414 9.364288306603932)
348,TX_0001,349,TX_0001_RX_0349,5.0,300.0,POINT (-13.446258353760404 9.367778532646202)
349,TX_0001,350,TX_0001_RX_0350,5.0,305.0,POINT (-13.44410986036197 9.371095395544142)
350,TX_0001,351,TX_0001_RX_0351,5.0,310.0,POINT (-13.44167841497684 9.374213645983376)
351,TX_0001,352,TX_0001_RX_0352,5.0,315.0,POINT (-13.438982521278264 9.377109546185043)
352,TX_0001,353,TX_0001_RX_0353,5.0,320.0,POINT (-13.436042697622835 9.3797610507481)
353,TX_0001,354,TX_0001_RX_0354,5.0,325.0,POINT (-13.432881320866004 9.382147974607253)
354,TX_0001,355,TX_0001_RX_0355,5.0,330.0,POINT (-13.429522455970611 9.384252146822757)
355,TX_0001,356,TX_0001_RX_0356,5.0,335.0,POINT (-13.425991672707843 9.386057549026376)
356,TX_0001,357,TX_0001_RX_0357,5.0,340.0,POINT (-13.422315850850104 9.387550437465059)
357,TX_0001,358,TX_0001_RX_0358,5.0,345.0,POINT (-13.418522975344668 9.388719447709192)
358,TX_0001,359,TX_0001_RX_0359,5.0,350.0,POINT (-13.414641923034688 9.3895556812252)
359,TX_0001,360,TX_0001_RX_0360,5.0,355.0,POINT (-13.410702242559884 9.390052773150822)
360,TX_0001,361,TX_0001_RX_0361,6.0,0.0,POINT (-13.406692590261171 9.3992483145445)
361,TX_0001,362,TX_0001_RX_0362,6.0,5.0,POINT (-13.401932389290646 9.399020374098756)
362,TX_0001,363,TX_0001_RX_0363,6.0,10.0,POINT (-13.39721033288204 9.398381246112391)
363,TX_0001,364,TX_0001_RX_0364,6.0,15.0,POINT (-13.392562374288623 9.397335799658894)
364,TX_0001,365,TX_0001_RX_0365,6.0,20.0,POINT (-13.388023901330293 9.395891997327345)
365,TX_0001,366,TX_0001_RX_0366,6.0,25.0,POINT (-13.383629466640075 9.394060834434384)
366,TX_0001,367,TX_0001_RX_0367,6.0,30.0,POINT (-13.379412524326632 9.391856255124233)
367,TX_0001,368,TX_0001_RX_0368,6.0,35.0,POINT (-13.375405175068481 9.389295046002243)
368,TX_0001,369,TX_0001_RX_0369,6.0,40.0,POINT (-13.371637921589082 9.386396708118998)
369,TX_0001,370,TX_0001_RX_0370,6.0,45.0,POINT (-13.368139436380508 9.383183308287526)
370,TX_0001,371,TX_0001_RX_0371,6.0,50.0,POINT (-13.364936343447448 9.379679310873422)
371,TX_0001,372,TX_0001_RX_0372,6.0,55.0,POINT (-13.362053015733654 9.37591139134657)
372,TX_0001,373,TX_0001_RX_0373,6.0,60.0,POINT (-13.359511389770793 9.371908233021445)
373,TX_0001,374,TX_0001_RX_0374,6.0,65.0,POINT (-13.357330798955791 9.36770030854053)
374,TX_0001,375,TX_0001_RX_0375,6.0,70.0,POINT (-13.355527826718218 9.363319647770567)
375,TX_0001,376,TX_0001_RX_0376,6.0,75.0,POINT (-13.35411618068558 9.358799593883958)
376,TX_0001,377,TX_0001_RX_0377,6.0,80.0,POINT (-13.353106588792485 9.354174549486137)
377,TX_0001,378,TX_0001_RX_0378,6.0,85.0,POINT (-13.35250671811085 9.349479714724406)
378,TX_0001,379,TX_0001_RX_0379,6.0,90.0,POINT (-13.352321117004182 9.344750819373223)
379,TX_0001,380,TX_0001_RX_0380,6.0,95.0,POINT (-13.35255118103059 9.340023850935333)
380,TX_0001,381,TX_0001_RX_0381,6.0,100.0,POINT (-13.353195142838185 9.335334780827035)
381,TX_0001,382,TX_0001_RX_0382,6.0,105.0,POINT (-13.354248086114005 9.33071929072907)
382,TX_0001,383,TX_0001_RX_0383,6.0,110.0,POINT (-13.355701983465211 9.32621250118198)
383,TX_0001,384,TX_0001_RX_0384,6.0,115.0,POINT (-13.357545757930295 9.3218487044866)
384,TX_0001,385,TX_0001_RX_0385,6.0,120.0,POINT (-13.35976536763967 9.317661103936528)
385,TX_0001,386,TX_0001_RX_0386,6.0,125.0,POINT (-13.362343912970694 9.313681561360395)
386,TX_0001,387,TX_0001_RX_0387,6.0,130.0,POINT (-13.36526176537324 9.309940354887932)
387,TX_0001,388,TX_0001_RX_0388,6.0,135.0,POINT (-13.36849671687932 9.306465948775658)
388,TX_0001,389,TX_0001_RX_0389,6.0,140.0,POINT (-13.37202414915546 9.303284777036046)
389,TX_0001,390,TX_0001_RX_0390,6.0,145.0,POINT (-13.375817220810477 9.300421042509129)
390,TX_0001,391,TX_0001_RX_0391,6.0,150.0,POINT (-13.379847071534998 9.297896532898244)
391,TX_0001,392,TX_0001_RX_0392,6.0,155.0,POINT (-13.384083041523505 9.295730455163126)
392,TX_0001,393,TX_0001_RX_0393,6.0,160.0,POINT (-13.388492904515914 9.293939289524522)
393,TX_0001,394,TX_0001_RX_0394,6.0,165.0,POINT (-13.393043112694142 9.292536664186176)
394,TX_0001,395,TX_0001_RX_0395,6.0,170.0,POINT (-13.397699051580894 9.291533251723468)
395,TX_0001,396,TX_0001_RX_0396,6.0,175.0,POINT (-13.402425303013402 9.29093668792417)
396,TX_0001,397,TX_0001_RX_0397,6.0,180.0,POINT (-13.407185914204538 9.290751513697208)
397,TX_0001,398,TX_0001_RX_0398,6.0,185.0,POINT (-13.411944670858304 9.290979140491045)
398,TX_0001,399,TX_0001_RX_0399,6.0,190.0,POINT (-13.416665372276189 9.291617839485632)
399,TX_0001,400,TX_0001_RX_0400,6.0,195.0,POINT (-13.421312106375707 9.29266275464221)
400,TX_0001,401,TX_0001_RX_0401,6.0,200.0,POINT (-13.425849522542636 9.294105939514925)
401,TX_0001,402,TX_0001_RX_0402,6.0,205.0,POINT (-13.430243100254044 9.295936417548354)
402,TX_0001,403,TX_0001_RX_0403,6.0,210.0,POINT (-13.43445941144011 9.298140265407433)
403,TX_0001,404,TX_0001_RX_0404,6.0,215.0,POINT (-13.43846637459876 9.300700718711607)
404,TX_0001,405,TX_0001_RX_0405,6.0,220.0,POINT (-13.442233498737885 9.303598299375457)
405,TX_0001,406,TX_0001_RX_0406,6.0,225.0,POINT (-13.445732115295256 9.306810963593705)
406,TX_0001,407,TX_0001_RX_0407,6.0,230.0,POINT (-13.448935596275113 9.310314269351974)
407,TX_0001,408,TX_0001_RX_0408,6.0,235.0,POINT (-13.451819556943011 9.314081562195984)
408,TX_0001,409,TX_0001_RX_0409,6.0,240.0,POINT (-13.454362041535205 9.318084177852661)
409,TX_0001,410,TX_0001_RX_0410,6.0,245.0,POINT (-13.456543690565704 9.322291660168194)
410,TX_0001,411,TX_0001_RX_0411,6.0,250.0,POINT (-13.458347888451582 9.32667199271076)
411,TX_0001,412,TX_0001_RX_0412,6.0,255.0,POINT (-13.459760890324649 9.331191842280953)
412,TX_0001,413,TX_0001_RX_0413,6.0,260.0,POINT (-13.460771927053818 9.335816812481351)
413,TX_0001,414,TX_0001_RX_0414,6.0,265.0,POINT (-13.461373287666639 9.340511705419074)
414,TX_0001,415,TX_0001_RX_0415,6.0,270.0,POINT (-13.461560378528903 9.345240789552008)
415,TX_0001,416,TX_0001_RX_0416,6.0,275.0,POINT (-13.46133175881713 9.34996807164138)
416,TX_0001,417,TX_0001_RX_0417,6.0,280.0,POINT (-13.460689151998533 9.354657570740766)
417,TX_0001,418,TX_0001_RX_0418,6.0,285.0,POINT (-13.4596374332155 9.359273592134775)
418,TX_0001,419,TX_0001_RX_0419,6.0,290.0,POINT (-13.458184592655327 9.363780999139749)
419,TX_0001,420,TX_0001_RX_0420,6.0,295.0,POINT (-13.456341675169472 9.368145480693743)
420,TX_0001,421,TX_0001_RX_0421,6.0,300.0,POINT (-13.454122696588632 9.372333812694125)
421,TX_0001,422,TX_0001_RX_0422,6.0,305.0,POINT (-13.451544537358865 9.376314111087552)
422,TX_0001,423,TX_0001_RX_0423,6.0,310.0,POINT (-13.448626814298736 9.380056074779182)
423,TX_0001,424,TX_0001_RX_0424,6.0,315.0,POINT (-13.445391731446128 9.383531216504792)
424,TX_0001,425,TX_0001_RX_0425,6.0,320.0,POINT (-13.441863911125314 9.386713079900664)
425,TX_0001,426,TX_0001_RX_0426,6.0,325.0,POINT (-13.43807020651792 9.389577441111118)
426,TX_0001,427,TX_0001_RX_0427,6.0,330.0,POINT (-13.434039497165179 9.392102493391326)
427,TX_0001,428,TX_0001_RX_0428,6.0,335.0,POINT (-13.42980246896154 9.394269013292778)
428,TX_0001,429,TX_0001_RX_0429,6.0,340.0,POINT (-13.425391380320406 9.396060507159689)
429,TX_0001,430,TX_0001_RX_0430,6.0,345.0,POINT (-13.420839816300594 9.397463336815218)
430,TX_0001,431,TX_0001_RX_0431,6.0,350.0,POINT (-13.416182432576012 9.398466823475875)
431,TX_0001,432,TX_0001_RX_0432,6.0,355.0,POINT (-13.411454691210173 9.399063329099402)
432,TX_0001,433,TX_0001_RX_0433,7.0,0.0,POINT (-13.406651209826185 9.408289683535468)
433,TX_0001,434,TX_0001_RX_0434,7.0,5.0,POINT (-13.401097500679176 9.40802372243548)
434,TX_0001,435,TX_0001_RX_0435,7.0,10.0,POINT (-13.395588302274247 9.407278031174721)
435,TX_0001,436,TX_0001_RX_0436,7.0,15.0,POINT (-13.39016556413485 9.40605829162428)
436,TX_0001,437,TX_0001_RX_0437,7.0,20.0,POINT (-13.384870575718017 9.404373795069175)
437,TX_0001,438,TX_0001_RX_0438,7.0,25.0,POINT (-13.379743651588582 9.402237371239327)
438,TX_0001,439,TX_0001_RX_0439,7.0,30.0,POINT (-13.374823824094722 9.399665290368318)
439,TX_0001,440,TX_0001_RX_0440,7.0,35.0,POINT (-13.370148545899355 9.3966771390348)
440,TX_0001,441,TX_0001_RX_0441,7.0,40.0,POINT (-13.365753404643952 9.393295670741843)
441,TX_0001,442,TX_0001_RX_0442,7.0,45.0,POINT (-13.361671851925522 9.389546632382743)
442,TX_0001,443,TX_0001_RX_0443,7.0,50.0,POINT (-13.357934948654743 9.385458567925308)
443,TX_0001,444,TX_0001_RX_0444,7.0,55.0,POINT (-13.354571128734689 9.381062600820425)
444,TX_0001,445,TX_0001_RX_0445,7.0,60.0,POINT (-13.351605982856189 9.376392196801755)
445,TX_0001,446,TX_0001_RX_0446,7.0,65.0,POINT (-13.34906206404891 9.37148290889235)
446,TX_0001,447,TX_0001_RX_0447,7.0,70.0,POINT (-13.346958716458076 9.36637210656791)
447,TX_0001,448,TX_0001_RX_0448,7.0,75.0,POINT (-13.34531192863659 9.361098691145829)
448,TX_0001,449,TX_0001_RX_0449,7.0,80.0,POINT (-13.344134212453069 9.355702799572292)
449,TX_0001,450,TX_0001_RX_0450,7.0,85.0,POINT (-13.343434508518834 9.350225498866228)
450,TX_0001,451,TX_0001_RX_0451,7.0,90.0,POINT (-13.343218118833503 9.344708473547998)
451,TX_0001,452,TX_0001_RX_0452,7.0,95.0,POINT (-13.343486667140487 9.339193708432205)
452,TX_0001,453,TX_0001_RX_0453,7.0,100.0,POINT (-13.344238087272464 9.333723169197281)
453,TX_0001,454,TX_0001_RX_0454,7.0,105.0,POINT (-13.345466639554092 9.328338483159433)
454,TX_0001,455,TX_0001_RX_0455,7.0,110.0,POINT (-13.347162955116602 9.323080622675318)
455,TX_0001,456,TX_0001_RX_0456,7.0,115.0,POINT (-13.349314107768054 9.317989593576105)
456,TX_0001,457,TX_0001_RX_0457,7.0,120.0,POINT (-13.351903712855336 9.31310413099599)
457,TX_0001,458,TX_0001_RX_0458,7.0,125.0,POINT (-13.354912052351255 9.308461404900811)
458,TX_0001,459,TX_0001_RX_0459,7.0,130.0,POINT (-13.358316225203312 9.304096737547834)
459,TX_0001,460,TX_0001_RX_0460,7.0,135.0,POINT (-13.362090321791964 9.300043335016424)
460,TX_0001,461,TX_0001_RX_0461,7.0,140.0,POINT (-13.366205621166024 9.296332034842152)
461,TX_0001,462,TX_0001_RX_0462,7.0,145.0,POINT (-13.370630809553203 9.292991071664387)
462,TX_0001,463,TX_0001_RX_0463,7.0,150.0,POINT (-13.375332218485488 9.290045862660945)
463,TX_0001,464,TX_0001_RX_0464,7.0,155.0,POINT (-13.380274080733143 9.287518814393312)
464,TX_0001,465,TX_0001_RX_0465,7.0,160.0,POINT (-13.385418802108992 9.28542915252433)
465,TX_0001,466,TX_0001_RX_0466,7.0,165.0,POINT (-13.390727247086785 9.283792775697085)
466,TX_0001,467,TX_0001_RX_0467,7.0,170.0,POINT (-13.39615903607486 9.282622134681576)
467,TX_0001,468,TX_0001_RX_0468,7.0,175.0,POINT (-13.401672852099852 9.281926137704803)
468,TX_0001,469,TX_0001_RX_0469,7.0,180.0,POINT (-13.407226754585176 9.28171008268244)
469,TX_0001,470,TX_0001_RX_0470,7.0,185.0,POINT (-13.412778497856076 9.281975616867262)
470,TX_0001,471,TX_0001_RX_0471,7.0,190.0,POINT (-13.418285851967656 9.28272072422244)
471,TX_0001,472,TX_0001_RX_0472,7.0,195.0,POINT (-13.423706923434523 9.283939740618612)
472,TX_0001,473,TX_0001_RX_0473,7.0,200.0,POINT (-13.429000473440752 9.285623396743503)
473,TX_0001,474,TX_0001_RX_0474,7.0,205.0,POINT (-13.434126231126907 9.287758888403324)
474,TX_0001,475,TX_0001_RX_0475,7.0,210.0,POINT (-13.43904519958657 9.29032997368808)
475,TX_0001,476,TX_0001_RX_0476,7.0,215.0,POINT (-13.443719952258045 9.293317096269575)
476,TX_0001,477,TX_0001_RX_0477,7.0,220.0,POINT (-13.44811491746749 9.296697533902885)
477,TX_0001,478,TX_0001_RX_0478,7.0,225.0,POINT (-13.452196648966787 9.300445571010815)
478,TX_0001,479,TX_0001_RX_0479,7.0,230.0,POINT (-13.455934080412899 9.304532694048037)
479,TX_0001,480,TX_0001_RX_0480,7.0,235.0,POINT (-13.459298761854235 9.30892780816823)
480,TX_0001,481,TX_0001_RX_0481,7.0,240.0,POINT (-13.462265076422936 9.313597473555172)
481,TX_0001,482,TX_0001_RX_0482,7.0,245.0,POINT (-13.464810435579178 9.318506159628683)
482,TX_0001,483,TX_0001_RX_0483,7.0,250.0,POINT (-13.466915451413435 9.323616515199468)
483,TX_0001,484,TX_0001_RX_0484,7.0,255.0,POINT (-13.468564084684104 9.32888965252445)
484,TX_0001,485,TX_0001_RX_0485,7.0,260.0,POINT (-13.46974376744963 9.334285443107202)
485,TX_0001,486,TX_0001_RX_0486,7.0,265.0,POINT (-13.470445499345232 9.339762822997317)
486,TX_0001,487,TX_0001_RX_0487,7.0,270.0,POINT (-13.470663916752898 9.345280105268447)
487,TX_0001,488,TX_0001_RX_0488,7.0,275.0,POINT (-13.47039733431809 9.350795297298607)
488,TX_0001,489,TX_0001_RX_0489,7.0,280.0,POINT (-13.46964775847627 9.356266420437837)
489,TX_0001,490,TX_0001_RX_0490,7.0,285.0,POINT (-13.468420872865108 9.36165182962834)
490,TX_0001,491,TX_0001_RX_0491,7.0,290.0,POINT (-13.466725995712519 9.366910530540904)
491,TX_0001,492,TX_0001_RX_0492,7.0,295.0,POINT (-13.464576009505127 9.372002491808448)
492,TX_0001,493,TX_0001_RX_0493,7.0,300.0,POINT (-13.461987263454185 9.376888949973397)
493,TX_0001,494,TX_0001_RX_0494,7.0,305.0,POINT (-13.458979449485414 9.381532704819627)
494,TX_0001,495,TX_0001_RX_0495,7.0,310.0,POINT (-13.455575452683284 9.38589840283184)
495,TX_0001,496,TX_0001_RX_0496,7.0,315.0,POINT (-13.45180117731797 9.389952806614627)
496,TX_0001,497,TX_0001_RX_0497,7.0,320.0,POINT (-13.447685349772517 9.393665048209895)
497,TX_0001,498,TX_0001_RX_0498,7.0,325.0,POINT (-13.443259299867245 9.397006864373632)
498,TX_0001,499,TX_0001_RX_0499,7.0,330.0,POINT (-13.43855672224682 9.399952812010428)
499,TX_0001,500,TX_0001_RX_0500,7.0,335.0,POINT (-13.433613419650886 9.402480462115713)
500,TX_0001,501,TX_0001_RX_0501,7.0,340.0,POINT (-13.428467030030838 9.404570570740042)
501,TX_0001,502,TX_0001_RX_0502,7.0,345.0,POINT (-13.423156739601714 9.406207225665806)
502,TX_0001,503,TX_0001_RX_0503,7.0,350.0,POINT (-13.417722984028384 9.407377967673069)
503,TX_0001,504,TX_0001_RX_0504,7.0,355.0,POINT (-13.412207140038051 9.408073885466203)
504,TX_0001,505,TX_0001_RX_0505,8.0,0.0,POINT (-13.406609787811906 9.417331047724112)
505,TX_0001,506,TX_0001_RX_0506,8.0,5.0,POINT (-13.40026252993993 9.417027057217625)
506,TX_0001,507,TX_0001_RX_0507,8.0,10.0,POINT (-13.393966151503193 9.41617479065718)
507,TX_0001,508,TX_0001_RX_0508,8.0,15.0,POINT (-13.38776859946603 9.41478074308191)
508,TX_0001,509,TX_0001_RX_0509,8.0,20.0,POINT (-13.38171706597912 9.412855534934245)
509,TX_0001,510,TX_0001_RX_0510,8.0,25.0,POINT (-13.375857628448538 9.410413830895388)
510,TX_0001,511,TX_0001_RX_0511,8.0,30.0,POINT (-13.370234898195967 9.4074742278858)
511,TX_0001,512,TX_0001_RX_0512,8.0,35.0,POINT (-13.36489168040459 9.404059113095544)
512,TX_0001,513,TX_0001_RX_0513,8.0,40.0,POINT (-13.35986864795525 9.40019449313873)
513,TX_0001,514,TX_0001_RX_0514,8.0,45.0,POINT (-13.355204031647123 9.39590979564705)
514,TX_0001,515,TX_0001_RX_0515,8.0,50.0,POINT (-13.350933329167496 9.391237644827525)
515,TX_0001,516,TX_0001_RX_0516,8.0,55.0,POINT (-13.347089035027397 9.38621361270785)
516,TX_0001,517,TX_0001_RX_0517,8.0,60.0,POINT (-13.34370039351503 9.380875947976985)
517,TX_0001,518,TX_0001_RX_0518,8.0,65.0,POINT (-13.34079317653875 9.375265284498305)
518,TX_0001,519,TX_0001_RX_0519,8.0,70.0,POINT (-13.338389488037077 9.369424331725781)
519,TX_0001,520,TX_0001_RX_0520,8.0,75.0,POINT (-13.336507596426824 9.363397549389605)
520,TX_0001,521,TX_0001_RX_0521,8.0,80.0,POINT (-13.335161796343248 9.357230808935144)
521,TX_0001,522,TX_0001_RX_0522,8.0,85.0,POINT (-13.334362300700183 9.350971044297664)
522,TX_0001,523,TX_0001_RX_0523,8.0,90.0,POINT (-13.334115163865162 9.34466589467371)
523,TX_0001,524,TX_0001_RX_0524,8.0,95.0,POINT (-13.334422236506342 9.338363342008465)
524,TX_0001,525,TX_0001_RX_0525,8.0,100.0,POINT (-13.335281152426472 9.33211134595588)
525,TX_0001,526,TX_0001_RX_0526,8.0,105.0,POINT (-13.33668534745613 9.325957479085247)
526,TX_0001,527,TX_0001_RX_0527,8.0,110.0,POINT (-13.338624110235639 9.31994856510344)
527,TX_0001,528,TX_0001_RX_0528,8.0,115.0,POINT (-13.341082664474492 9.314130322837382)
528,TX_0001,529,TX_0001_RX_0529,8.0,120.0,POINT (-13.344042282040299 9.308547018675267)
529,TX_0001,530,TX_0001_RX_0530,8.0,125.0,POINT (-13.347480425997958 9.303241130099648)
530,TX_0001,531,TX_0001_RX_0531,8.0,130.0,POINT (-13.351370922495907 9.298253022859853)
531,TX_0001,532,TX_0001_RX_0532,8.0,135.0,POINT (-13.355684160180882 9.293620644226815)
532,TX_0001,533,TX_0001_RX_0533,8.0,140.0,POINT (-13.360387315617839 9.289379234650973)
533,TX_0001,534,TX_0001_RX_0534,8.0,145.0,POINT (-13.36544460299834 9.285561060003825)
534,TX_0001,535,TX_0001_RX_0535,8.0,150.0,POINT (-13.370817546240618 9.282195166428018)
535,TX_0001,536,TX_0001_RX_0536,8.0,155.0,POINT (-13.376465271418606 9.279307159649495)
536,TX_0001,537,TX_0001_RX_0537,8.0,160.0,POINT (-13.382344817306693 9.276919010420677)
537,TX_0001,538,TX_0001_RX_0538,8.0,165.0,POINT (-13.388411461693027 9.275048887566191)
538,TX_0001,539,TX_0001_RX_0539,8.0,170.0,POINT (-13.394619060997442 9.273711019894627)
539,TX_0001,540,TX_0001_RX_0540,8.0,175.0,POINT (-13.400920400631653 9.272915588022103)
540,TX_0001,541,TX_0001_RX_0541,8.0,180.0,POINT (-13.407267553459628 9.272668646927881)
541,TX_0001,542,TX_0001_RX_0542,8.0,185.0,POINT (-13.413612243655896 9.272972079830799)
542,TX_0001,543,TX_0001_RX_0543,8.0,190.0,POINT (-13.419906213219049 9.273823583738888)
543,TX_0001,544,TX_0001_RX_0544,8.0,195.0,POINT (-13.4261015883774 9.275216686785932)
544,TX_0001,545,TX_0001_RX_0545,8.0,200.0,POINT (-13.432151243123787 9.277140797228624)
545,TX_0001,546,TX_0001_RX_0546,8.0,205.0,POINT (-13.438009157136774 9.279581283739116)
546,TX_0001,547,TX_0001_RX_0547,8.0,210.0,POINT (-13.443630765385924 9.28251958639106)
547,TX_0001,548,TX_0001_RX_0548,8.0,215.0,POINT (-13.4489732967794 9.285933357505208)
548,TX_0001,549,TX_0001_RX_0549,8.0,220.0,POINT (-13.453996099291954 9.289796631294438)
549,TX_0001,550,TX_0001_RX_0550,8.0,225.0,POINT (-13.458660949110625 9.294080021029727)
550,TX_0001,551,TX_0001_RX_0551,8.0,230.0,POINT (-13.4629323414527 9.298750942239542)
551,TX_0001,552,TX_0001_RX_0552,8.0,235.0,POINT (-13.466777760845725 9.303773860257197)
552,TX_0001,553,TX_0001_RX_0553,8.0,240.0,POINT (-13.470167928811007 9.30911056024506)
553,TX_0001,554,TX_0001_RX_0554,8.0,245.0,POINT (-13.473077027059542 9.314720437652865)
554,TX_0001,555,TX_0001_RX_0555,8.0,250.0,POINT (-13.475482894491245 9.320560806910862)
555,TX_0001,556,TX_0001_RX_0556,8.0,255.0,POINT (-13.477367196483675 9.32658722601853)
556,TX_0001,557,TX_0001_RX_0557,8.0,260.0,POINT (-13.478715565163501 9.332753834566901)
557,TX_0001,558,TX_0001_RX_0558,8.0,265.0,POINT (-13.479517709571645 9.339013702628542)
558,TX_0001,559,TX_0001_RX_0559,8.0,270.0,POINT (-13.479767494859487 9.345319187864378)
559,TX_0001,560,TX_0001_RX_0560,8.0,275.0,POINT (-13.479462989887299 9.351622298131852)
560,TX_0001,561,TX_0001_RX_0561,8.0,280.0,POINT (-13.478606482835309 9.357875056834597)
561,TX_0001,562,TX_0001_RX_0562,8.0,285.0,POINT (-13.477204464680945 9.364029868230702)
562,TX_0001,563,TX_0001_RX_0563,8.0,290.0,POINT (-13.475267580640793 9.370039879914472)
563,TX_0001,564,TX_0001_RX_0564,8.0,295.0,POINT (-13.472810549920862 9.37585933970601)
564,TX_0001,565,TX_0001_RX_0565,8.0,300.0,POINT (-13.469852054362136 9.381443944223353)
565,TX_0001,566,TX_0001_RX_0566,8.0,305.0,POINT (-13.466414596807928 9.38675117647342)
566,TX_0001,567,TX_0001_RX_0567,8.0,310.0,POINT (-13.462524330253537 9.391740629880093)
567,TX_0001,568,TX_0001_RX_0568,8.0,315.0,POINT (-13.458210859065193 9.396374316269867)
568,TX_0001,569,TX_0001_RX_0569,8.0,320.0,POINT (-13.453507013772507 9.400616955456767)
569,TX_0001,570,TX_0001_RX_0570,8.0,325.0,POINT (-13.448448601144529 9.404436244208123)
570,TX_0001,571,TX_0001_RX_0571,8.0,330.0,POINT (-13.443074131452848 9.407803102529698)
571,TX_0001,572,TX_0001_RX_0572,8.0,335.0,POINT (-13.43742452500377 9.4106918953821)
572,TX_0001,573,TX_0001_RX_0573,8.0,340.0,POINT (-13.431542800184328 9.413080628128327)
573,TX_0001,574,TX_0001_RX_0574,8.0,345.0,POINT (-13.425473745412155 9.414951114213743)
574,TX_0001,575,TX_0001_RX_0575,8.0,350.0,POINT (-13.419263577505939 9.416289113793054)
575,TX_0001,576,TX_0001_RX_0576,8.0,355.0,POINT (-13.41295958909988 9.41708444224212)
576,TX_0001,577,TX_0001_RX_0577,9.0,0.0,POINT (-13.406568324213072 9.426372407105976)
577,TX_0001,578,TX_0001_RX_0578,9.0,5.0,POINT (-13.399427477006373 9.426030378435044)
578,TX_0001,579,TX_0001_RX_0579,9.0,10.0,POINT (-13.392343880445619 9.425071524534069)
579,TX_0001,580,TX_0001_RX_0580,9.0,15.0,POINT (-13.385371480110575 9.42350315398184)
580,TX_0001,581,TX_0001_RX_0581,9.0,20.0,POINT (-13.378563371905408 9.42133721684155)
581,TX_0001,582,TX_0001_RX_0582,9.0,25.0,POINT (-13.371971396989336 9.418590213286087)
582,TX_0001,583,TX_0001_RX_0583,9.0,30.0,POINT (-13.365645746393064 9.41528306752309)
583,TX_0001,584,TX_0001_RX_0584,9.0,35.0,POINT (-13.359634578356378 9.411440967995144)
584,TX_0001,585,TX_0001_RX_0585,9.0,40.0,POINT (-13.353983651320194 9.407093175088875)
585,TX_0001,586,TX_0001_RX_0586,9.0,45.0,POINT (-13.348735975381377 9.402272797835215)
586,TX_0001,587,TX_0001_RX_0587,9.0,50.0,POINT (-13.343931484871783 9.397016541319685)
587,TX_0001,588,TX_0001_RX_0588,9.0,55.0,POINT (-13.339606734555622 9.391364426744365)
588,TX_0001,589,TX_0001_RX_0589,9.0,60.0,POINT (-13.335794621752761 9.385359486290605)
589,TX_0001,590,TX_0001_RX_0590,9.0,65.0,POINT (-13.332524136491953 9.379047435122112)
590,TX_0001,591,TX_0001_RX_0591,9.0,70.0,POINT (-13.329820141578516 9.372476323039905)
591,TX_0001,592,TX_0001_RX_0592,9.0,75.0,POINT (-13.327703184227818 9.36569616845344)
592,TX_0001,593,TX_0001_RX_0593,9.0,80.0,POINT (-13.326189340671105 9.358758577463691)
593,TX_0001,594,TX_0001_RX_0594,9.0,85.0,POINT (-13.325290094885329 9.351716350964411)
594,TX_0001,595,TX_0001_RX_0595,9.0,90.0,POINT (-13.325012252336236 9.344623082755687)
595,TX_0001,596,TX_0001_RX_0596,9.0,95.0,POINT (-13.325357889355725 9.337532751728835)
596,TX_0001,597,TX_0001_RX_0597,9.0,100.0,POINT (-13.326324338502777 9.33049931122363)
597,TX_0001,598,TX_0001_RX_0598,9.0,105.0,POINT (-13.327904209983886 9.32357627867711)
598,TX_0001,599,TX_0001_RX_0599,9.0,110.0,POINT (-13.330085448936128 9.316816328678023)
599,TX_0001,600,TX_0001_RX_0600,9.0,115.0,POINT (-13.332851428105732 9.310270892512523)
600,TX_0001,601,TX_0001_RX_0601,9.0,120.0,POINT (-13.336181075189163 9.30398976723499)
601,TX_0001,602,TX_0001_RX_0602,9.0,125.0,POINT (-13.34004903384428 9.29802073722376)
602,TX_0001,603,TX_0001_RX_0603,9.0,130.0,POINT (-13.344425857127906 9.292409211085083)
603,TX_0001,604,TX_0001_RX_0604,9.0,135.0,POINT (-13.349278231874752 9.287197876651321)
604,TX_0001,605,TX_0001_RX_0605,9.0,140.0,POINT (-13.354569232303058 9.282426376681341)
605,TX_0001,606,TX_0001_RX_0606,9.0,145.0,POINT (-13.36025860091566 9.278131007713924)
606,TX_0001,607,TX_0001_RX_0607,9.0,150.0,POINT (-13.366303054563472 9.27434444434968)
607,TX_0001,608,TX_0001_RX_0608,9.0,155.0,POINT (-13.372656613352431 9.271095491044658)
608,TX_0001,609,TX_0001_RX_0609,9.0,160.0,POINT (-13.379270949906486 9.268408863291292)
609,TX_0001,610,TX_0001_RX_0610,9.0,165.0,POINT (-13.386095756349057 9.266304999840678)
610,TX_0001,611,TX_0001_RX_0611,9.0,170.0,POINT (-13.393079126234715 9.26479990738634)
611,TX_0001,612,TX_0001_RX_0612,9.0,175.0,POINT (-13.400167948552511 9.263905038885182)
612,TX_0001,613,TX_0001_RX_0613,9.0,180.0,POINT (-13.407308310833072 9.263627206438004)
613,TX_0001,614,TX_0001_RX_0614,9.0,185.0,POINT (-13.414445908324073 9.263968529391777)
614,TX_0001,615,TX_0001_RX_0615,9.0,190.0,POINT (-13.421526456153282 9.264926418060636)
615,TX_0001,616,TX_0001_RX_0616,9.0,195.0,POINT (-13.428496101375488 9.266493593194035)
616,TX_0001,617,TX_0001_RX_0617,9.0,200.0,POINT (-13.435301831799487 9.268658141051182)
617,TX_0001,618,TX_0001_RX_0618,9.0,205.0,POINT (-13.441891878513825 9.27140360367207)
618,TX_0001,619,TX_0001_RX_0619,9.0,210.0,POINT (-13.448216109075132 9.274709103669789)
619,TX_0001,620,TX_0001_RX_0620,9.0,215.0,POINT (-13.454226408390403 9.27854950260766)
620,TX_0001,621,TX_0001_RX_0621,9.0,220.0,POINT (-13.459877044413984 9.282895591770764)
621,TX_0001,622,TX_0001_RX_0622,9.0,225.0,POINT (-13.465125015890791 9.287714313895588)
622,TX_0001,623,TX_0001_RX_0623,9.0,230.0,POINT (-13.469930379508671 9.292969014186832)
623,TX_0001,624,TX_0001_RX_0624,9.0,235.0,POINT (-13.474256553973982 9.298619718727412)
624,TX_0001,625,TX_0001_RX_0625,9.0,240.0,POINT (-13.478070598694408 9.304623438179009)
625,TX_0001,626,TX_0001_RX_0626,9.0,245.0,POINT (-13.481343464940606 9.310934494477259)
626,TX_0001,627,TX_0001_RX_0627,9.0,250.0,POINT (-13.484050217562139 9.317504868049536)
627,TX_0001,628,TX_0001_RX_0628,9.0,255.0,POINT (-13.486170225552168 9.32428456292544)
628,TX_0001,629,TX_0001_RX_0629,9.0,260.0,POINT (-13.487687319987579 9.331221986971892)
629,TX_0001,630,TX_0001_RX_0630,9.0,265.0,POINT (-13.488589918115517 9.338264344367504)
630,TX_0001,631,TX_0001_RX_0631,9.0,270.0,POINT (-13.488871112611504 9.345358037334924)
631,TX_0001,632,TX_0001_RX_0632,9.0,275.0,POINT (-13.488528725296954 9.352449074076779)
632,TX_0001,633,TX_0001_RX_0633,9.0,280.0,POINT (-13.487565324872724 9.359483479810597)
633,TX_0001,634,TX_0001_RX_0634,9.0,285.0,POINT (-13.48598820849882 9.366407707771518)
634,TX_0001,635,TX_0001_RX_0635,9.0,290.0,POINT (-13.483809347325879 9.37316904704893)
635,TX_0001,636,TX_0001_RX_0636,9.0,295.0,POINT (-13.481045296360136 9.379716024144386)
636,TX_0001,637,TX_0001_RX_0637,9.0,300.0,POINT (-13.477717069317531 9.385998795183323)
637,TX_0001,638,TX_0001_RX_0638,9.0,305.0,POINT (-13.473849979392718 9.391969525781962)
638,TX_0001,639,TX_0001_RX_0639,9.0,310.0,POINT (-13.469473447132543 9.397582755662684)
639,TX_0001,640,TX_0001_RX_0640,9.0,315.0,POINT (-13.464620776859206 9.402795745225836)
640,TX_0001,641,TX_0001_RX_0641,9.0,320.0,POINT (-13.459328903333372 9.40756880142226)
641,TX_0001,642,TX_0001_RX_0642,9.0,325.0,POINT (-13.453638110580341 9.41186558042792)
642,TX_0001,643,TX_0001_RX_0643,9.0,330.0,POINT (-13.447591725020597 9.415653364798752)
643,TX_0001,644,TX_0001_RX_0644,9.0,335.0,POINT (-13.441235785248114 9.41890331297884)
644,TX_0001,645,TX_0001_RX_0645,9.0,340.0,POINT (-13.43461869098384 9.421590679246755)
645,TX_0001,646,TX_0001_RX_0646,9.0,345.0,POINT (-13.427790833896074 9.423695002411812)
646,TX_0001,647,TX_0001_RX_0647,9.0,350.0,POINT (-13.420804213122828 9.4252002618121)
647,TX_0001,648,TX_0001_RX_0648,9.0,355.0,POINT (-13.413712038452024 9.426094999418043)
648,TX_0001,649,TX_0001_RX_0649,10.0,0.0,POINT (-13.406526819024409 9.435413761676598)
649,TX_0001,650,TX_0001_RX_0650,10.0,5.0,POINT (-13.398592341811959 9.435033686077597)
650,TX_0001,651,TX_0001_RX_0651,10.0,10.0,POINT (-13.390721488978238 9.433968232779682)
651,TX_0001,652,TX_0001_RX_0652,10.0,15.0,POINT (-13.382974205896877 9.43222552427412)
652,TX_0001,653,TX_0001_RX_0653,10.0,20.0,POINT (-13.375409493288656 9.429818840710075)
653,TX_0001,654,TX_0001_RX_0654,10.0,25.0,POINT (-13.368084956980333 9.426766518294931)
654,TX_0001,655,TX_0001_RX_0655,10.0,30.0,POINT (-13.361056368448692 9.423091809126605)
655,TX_0001,656,TX_0001_RX_0656,10.0,35.0,POINT (-13.354377239526904 9.418822703544263)
656,TX_0001,657,TX_0001_RX_0657,10.0,40.0,POINT (-13.348098414535999 9.413991716371472)
657,TX_0001,658,TX_0001_RX_0658,10.0,45.0,POINT (-13.342267682964348 9.408635638701988)
658,TX_0001,659,TX_0001_RX_0659,10.0,50.0,POINT (-13.336929415653698 9.402795257141412)
659,TX_0001,660,TX_0001_RX_0660,10.0,55.0,POINT (-13.332124227263238 9.396515042665483)
660,TX_0001,661,TX_0001_RX_0661,10.0,60.0,POINT (-13.32788866757484 9.389842811486098)
661,TX_0001,662,TX_0001_RX_0662,10.0,65.0,POINT (-13.324254943975198 9.382829360527506)
662,TX_0001,663,TX_0001_RX_0663,10.0,70.0,POINT (-13.321250677205722 9.375528080306019)
663,TX_0001,664,TX_0001_RX_0664,10.0,75.0,POINT (-13.31889869221113 9.367994548175506)
664,TX_0001,665,TX_0001_RX_0665,10.0,80.0,POINT (-13.317216845644722 9.36028610504694)
665,TX_0001,666,TX_0001_RX_0666,10.0,85.0,POINT (-13.31621789130471 9.352461418812196)
666,TX_0001,667,TX_0001_RX_0667,10.0,90.0,POINT (-13.315909384483806 9.344580037799275)
667,TX_0001,668,TX_0001_RX_0668,10.0,95.0,POINT (-13.316293625916206 9.336701937658065)
668,TX_0001,669,TX_0001_RX_0669,10.0,100.0,POINT (-13.317367645703929 9.328887065121325)
669,TX_0001,670,TX_0001_RX_0670,10.0,105.0,POINT (-13.319123227301098 9.32119488210564)
670,TX_0001,671,TX_0001_RX_0671,10.0,110.0,POINT (-13.321546971331857 9.313683913610747)
671,TX_0001,672,TX_0001_RX_0672,10.0,115.0,POINT (-13.324620398717858 9.306411302843621)
672,TX_0001,673,TX_0001_RX_0673,10.0,120.0,POINT (-13.328320092296511 9.299432376935801)
673,TX_0001,674,TX_0001_RX_0674,10.0,125.0,POINT (-13.332617875823681 9.292800226539995)
674,TX_0001,675,TX_0001_RX_0675,10.0,130.0,POINT (-13.337481028976184 9.28656530248462)
675,TX_0001,676,TX_0001_RX_0676,10.0,135.0,POINT (-13.34287253670226 9.280775032534422)
676,TX_0001,677,TX_0001_RX_0677,10.0,140.0,POINT (-13.348751371013844 9.275473461152082)
677,TX_0001,678,TX_0001_RX_0678,10.0,145.0,POINT (-13.355072803074972 9.27070091498117)
678,TX_0001,679,TX_0001_RX_0679,10.0,150.0,POINT (-13.361788743217168 9.266493696576152)
679,TX_0001,680,TX_0001_RX_0680,10.0,155.0,POINT (-13.36884810630718 9.262883808691777)
680,TX_0001,681,TX_0001_RX_0681,10.0,160.0,POINT (-13.376197199705864 9.259898711213884)
681,TX_0001,682,TX_0001_RX_0682,10.0,165.0,POINT (-13.383780130891092 9.257561112567723)
682,TX_0001,683,TX_0001_RX_0683,10.0,170.0,POINT (-13.391539231672763 9.255888797180432)
683,TX_0001,684,TX_0001_RX_0684,10.0,175.0,POINT (-13.399415495806137 9.254894490303169)
684,TX_0001,685,TX_0001_RX_0685,10.0,180.0,POINT (-13.407349026710682 9.254585761217278)
685,TX_0001,686,TX_0001_RX_0686,10.0,185.0,POINT (-13.415279491926889 9.25496496556033)
686,TX_0001,687,TX_0001_RX_0687,10.0,190.0,POINT (-13.423146580893238 9.256029227213334)
687,TX_0001,688,TX_0001_RX_0688,10.0,195.0,POINT (-13.43089046259991 9.257770459892786)
688,TX_0001,689,TX_0001_RX_0689,10.0,200.0,POINT (-13.438452239675557 9.260175428292058)
689,TX_0001,690,TX_0001_RX_0690,10.0,205.0,POINT (-13.445774395488218 9.263225848318505)
690,TX_0001,691,TX_0001_RX_0691,10.0,210.0,POINT (-13.452801230891122 9.266898525677655)
691,TX_0001,692,TX_0001_RX_0692,10.0,215.0,POINT (-13.459479287318624 9.271165531766096)
692,TX_0001,693,TX_0001_RX_0693,10.0,220.0,POINT (-13.465757753036282 9.275994415552505)
693,TX_0001,694,TX_0001_RX_0694,10.0,225.0,POINT (-13.471588849471312 9.281348449853535)
694,TX_0001,695,TX_0001_RX_0695,10.0,230.0,POINT (-13.476928194694986 9.287186910150263)
695,TX_0001,696,TX_0001_RX_0696,10.0,235.0,POINT (-13.481735141295536 9.29346538384343)
696,TX_0001,697,TX_0001_RX_0697,10.0,240.0,POINT (-13.485973086068164 9.3001361076137)
697,TX_0001,698,TX_0001_RX_0698,10.0,245.0,POINT (-13.489609749156212 9.307148330338388)
698,TX_0001,699,TX_0001_RX_0699,10.0,250.0,POINT (-13.492617420503276 9.314448698820112)
699,TX_0001,700,TX_0001_RX_0700,10.0,255.0,POINT (-13.494973171718415 9.321981663407442)
700,TX_0001,701,TX_0001_RX_0701,10.0,260.0,POINT (-13.496659031714024 9.32968990043364)
701,TX_0001,702,TX_0001_RX_0702,10.0,265.0,POINT (-13.497662124746496 9.337514748268978)
702,TX_0001,703,TX_0001_RX_0703,10.0,270.0,POINT (-13.497974769771778 9.345396653675218)
703,TX_0001,704,TX_0001_RX_0704,10.0,275.0,POINT (-13.497594540319225 9.353275625069084)
704,TX_0001,705,TX_0001_RX_0705,10.0,280.0,POINT (-13.496524284385577 9.361091689245397)
705,TX_0001,706,TX_0001_RX_0706,10.0,285.0,POINT (-13.494772104154512 9.368785348080449)
706,TX_0001,707,TX_0001_RX_0707,10.0,290.0,POINT (-13.492351295653481 9.376298031732771)
707,TX_0001,708,TX_0001_RX_0708,10.0,295.0,POINT (-13.489280248766383 9.383572544881545)
708,TX_0001,709,TX_0001_RX_0709,10.0,300.0,POINT (-13.4855823083254 9.390553502592637)
709,TX_0001,710,TX_0001_RX_0710,10.0,305.0,POINT (-13.481285597306067 9.397187752478295)
710,TX_0001,711,TX_0001_RX_0711,10.0,310.0,POINT (-13.476422803443347 9.403424779918343)
711,TX_0001,712,TX_0001_RX_0712,10.0,315.0,POINT (-13.471030930871414 9.409217093237837)
712,TX_0001,713,TX_0001_RX_0713,10.0,320.0,POINT (-13.465151018663203 9.414520585887317)
713,TX_0001,714,TX_0001_RX_0714,10.0,325.0,POINT (-13.45882782840528 9.419294872846324)
714,TX_0001,715,TX_0001_RX_0715,10.0,330.0,POINT (-13.45210950318744 9.423503598667207)
715,TX_0001,716,TX_0001_RX_0716,10.0,335.0,POINT (-13.445047200611867 9.427114714792825)
716,TX_0001,717,TX_0001_RX_0717,10.0,340.0,POINT (-13.437694702632353 9.430100724017525)
717,TX_0001,718,TX_0001_RX_0718,10.0,345.0,POINT (-13.430108005217646 9.43243889021278)
718,TX_0001,719,TX_0001_RX_0719,10.0,350.0,POINT (-13.42234489099322 9.434111411706482)
719,TX_0001,720,TX_0001_RX_0720,10.0,355.0,POINT (-13.414464488150854 9.435105556984864)
